<?xml version="1.0" encoding="UTF-8"?>
<config xmlns="http://www.knime.org/2008/09/XMLConfig" xmlns:xsi="http://www.w3.org/2001/XMLSchema-instance" xsi:schemaLocation="http://www.knime.org/2008/09/XMLConfig http://www.knime.org/XMLConfig_2008_09.xsd" key="model.xml">
<entry key="version" type="xint" value="1"/>
<entry key="class_name" type="xstring" value="org.knime.base.data.normalize.NormalizerPortObject"/>
<config key="model">
<config key="columns">
<config key="amount_tsh">
<entry key="column_name" type="xstring" value="amount_tsh"/>
<entry key="column_scale" type="xdouble" value="2.8571428571428573E-6"/>
<entry key="column_translate" type="xdouble" value="0.0"/>
<entry key="column_min" type="xdouble" value="0.0"/>
<entry key="column_max" type="xdouble" value="1.0"/>
</config>
<config key="gps_height">
<entry key="column_name" type="xstring" value="gps_height"/>
<entry key="column_scale" type="xdouble" value="3.4965034965034965E-4"/>
<entry key="column_translate" type="xdouble" value="0.03146853146853147"/>
<entry key="column_min" type="xdouble" value="0.0"/>
<entry key="column_max" type="xdouble" value="1.0"/>
</config>
<config key="longitude">
<entry key="column_name" type="xstring" value="longitude"/>
<entry key="column_scale" type="xdouble" value="0.02478610024904263"/>
<entry key="column_translate" type="xdouble" value="0.0"/>
<entry key="column_min" type="xdouble" value="0.0"/>
<entry key="column_max" type="xdouble" value="1.0"/>
</config>
<config key="latitude">
<entry key="column_name" type="xstring" value="latitude"/>
<entry key="column_scale" type="xdouble" value="0.08584103495665324"/>
<entry key="column_translate" type="xdouble" value="1.0000000017168207"/>
<entry key="column_min" type="xdouble" value="0.0"/>
<entry key="column_max" type="xdouble" value="1.0"/>
</config>
<config key="num_private">
<entry key="column_name" type="xstring" value="num_private"/>
<entry key="column_scale" type="xdouble" value="5.630630630630631E-4"/>
<entry key="column_translate" type="xdouble" value="0.0"/>
<entry key="column_min" type="xdouble" value="0.0"/>
<entry key="column_max" type="xdouble" value="1.0"/>
</config>
<config key="region_code">
<entry key="column_name" type="xstring" value="region_code"/>
<entry key="column_scale" type="xdouble" value="0.01020408163265306"/>
<entry key="column_translate" type="xdouble" value="-0.01020408163265306"/>
<entry key="column_min" type="xdouble" value="0.0"/>
<entry key="column_max" type="xdouble" value="1.0"/>
</config>
<config key="district_code">
<entry key="column_name" type="xstring" value="district_code"/>
<entry key="column_scale" type="xdouble" value="0.0125"/>
<entry key="column_translate" type="xdouble" value="0.0"/>
<entry key="column_min" type="xdouble" value="0.0"/>
<entry key="column_max" type="xdouble" value="1.0"/>
</config>
<config key="lga">
<entry key="column_name" type="xstring" value="lga"/>
<entry key="column_scale" type="xdouble" value="0.008064516129032258"/>
<entry key="column_translate" type="xdouble" value="0.0"/>
<entry key="column_min" type="xdouble" value="0.0"/>
<entry key="column_max" type="xdouble" value="1.0"/>
</config>
<config key="population">
<entry key="column_name" type="xstring" value="population"/>
<entry key="column_scale" type="xdouble" value="3.278688524590164E-5"/>
<entry key="column_translate" type="xdouble" value="0.0"/>
<entry key="column_min" type="xdouble" value="0.0"/>
<entry key="column_max" type="xdouble" value="1.0"/>
</config>
<config key="public_meeting">
<entry key="column_name" type="xstring" value="public_meeting"/>
<entry key="column_scale" type="xdouble" value="1.0"/>
<entry key="column_translate" type="xdouble" value="0.0"/>
<entry key="column_min" type="xdouble" value="0.0"/>
<entry key="column_max" type="xdouble" value="1.0"/>
</config>
<config key="scheme_management">
<entry key="column_name" type="xstring" value="scheme_management"/>
<entry key="column_scale" type="xdouble" value="0.09090909090909091"/>
<entry key="column_translate" type="xdouble" value="0.0"/>
<entry key="column_min" type="xdouble" value="0.0"/>
<entry key="column_max" type="xdouble" value="1.0"/>
</config>
<config key="construction_year">
<entry key="column_name" type="xstring" value="construction_year"/>
<entry key="column_scale" type="xdouble" value="4.967709885742673E-4"/>
<entry key="column_translate" type="xdouble" value="0.0"/>
<entry key="column_min" type="xdouble" value="0.0"/>
<entry key="column_max" type="xdouble" value="1.0"/>
</config>
<config key="extraction_type">
<entry key="column_name" type="xstring" value="extraction_type"/>
<entry key="column_scale" type="xdouble" value="0.058823529411764705"/>
<entry key="column_translate" type="xdouble" value="0.0"/>
<entry key="column_min" type="xdouble" value="0.0"/>
<entry key="column_max" type="xdouble" value="1.0"/>
</config>
<config key="management">
<entry key="column_name" type="xstring" value="management"/>
<entry key="column_scale" type="xdouble" value="0.09090909090909091"/>
<entry key="column_translate" type="xdouble" value="0.0"/>
<entry key="column_min" type="xdouble" value="0.0"/>
<entry key="column_max" type="xdouble" value="1.0"/>
</config>
<config key="payment">
<entry key="column_name" type="xstring" value="payment"/>
<entry key="column_scale" type="xdouble" value="0.16666666666666666"/>
<entry key="column_translate" type="xdouble" value="0.0"/>
<entry key="column_min" type="xdouble" value="0.0"/>
<entry key="column_max" type="xdouble" value="1.0"/>
</config>
<config key="water_quality">
<entry key="column_name" type="xstring" value="water_quality"/>
<entry key="column_scale" type="xdouble" value="0.14285714285714285"/>
<entry key="column_translate" type="xdouble" value="0.0"/>
<entry key="column_min" type="xdouble" value="0.0"/>
<entry key="column_max" type="xdouble" value="1.0"/>
</config>
<config key="quantity">
<entry key="column_name" type="xstring" value="quantity"/>
<entry key="column_scale" type="xdouble" value="0.25"/>
<entry key="column_translate" type="xdouble" value="0.0"/>
<entry key="column_min" type="xdouble" value="0.0"/>
<entry key="column_max" type="xdouble" value="1.0"/>
</config>
<config key="source">
<entry key="column_name" type="xstring" value="source"/>
<entry key="column_scale" type="xdouble" value="0.1111111111111111"/>
<entry key="column_translate" type="xdouble" value="0.0"/>
<entry key="column_min" type="xdouble" value="0.0"/>
<entry key="column_max" type="xdouble" value="1.0"/>
</config>
<config key="waterpoint_type">
<entry key="column_name" type="xstring" value="waterpoint_type"/>
<entry key="column_scale" type="xdouble" value="0.16666666666666666"/>
<entry key="column_translate" type="xdouble" value="0.0"/>
<entry key="column_min" type="xdouble" value="0.0"/>
<entry key="column_max" type="xdouble" value="1.0"/>
</config>
</config>
<entry key="summary" type="xstring" value="Min/Max (0.0, 1) normalization on 19 column(s)"/>
</config>
</config>
